species	chromosome	chromosome length (bp)	centromeric region start	centromeric region end	reference
Homo sapiens	1	248956422	122026460	125184587	Reference genome: GRCh38.p12. (https://www.ncbi.nlm.nih.gov/grc/human/data, https://www.ncbi.nlm.nih.gov/grc/human )
Homo sapiens	2	242193529	92188146	94090557	Reference genome: GRCh38.p12. (https://www.ncbi.nlm.nih.gov/grc/human/data, https://www.ncbi.nlm.nih.gov/grc/human )
Homo sapiens	3	198295559	90772459	93655574	Reference genome: GRCh38.p12. (https://www.ncbi.nlm.nih.gov/grc/human/data, https://www.ncbi.nlm.nih.gov/grc/human )
Homo sapiens	4	190214555	49708101	51743951	Reference genome: GRCh38.p12. (https://www.ncbi.nlm.nih.gov/grc/human/data, https://www.ncbi.nlm.nih.gov/grc/human )
Homo sapiens	5	181538259	46485901	50059807	Reference genome: GRCh38.p12. (https://www.ncbi.nlm.nih.gov/grc/human/data, https://www.ncbi.nlm.nih.gov/grc/human )
Homo sapiens	6	170805979	58553889	59829934	Reference genome: GRCh38.p12. (https://www.ncbi.nlm.nih.gov/grc/human/data, https://www.ncbi.nlm.nih.gov/grc/human )
Homo sapiens	7	159345973	58169654	60828234	Reference genome: GRCh38.p12. (https://www.ncbi.nlm.nih.gov/grc/human/data, https://www.ncbi.nlm.nih.gov/grc/human )
Homo sapiens	8	145138636	44033745	45877265	Reference genome: GRCh38.p12. (https://www.ncbi.nlm.nih.gov/grc/human/data, https://www.ncbi.nlm.nih.gov/grc/human )
Homo sapiens	9	138394717	43236168	45518558	Reference genome: GRCh38.p12. (https://www.ncbi.nlm.nih.gov/grc/human/data, https://www.ncbi.nlm.nih.gov/grc/human )
Homo sapiens	10	133797422	39686683	41593521	Reference genome: GRCh38.p12. (https://www.ncbi.nlm.nih.gov/grc/human/data, https://www.ncbi.nlm.nih.gov/grc/human )
Homo sapiens	11	135086622	51078349	54425074	Reference genome: GRCh38.p12. (https://www.ncbi.nlm.nih.gov/grc/human/data, https://www.ncbi.nlm.nih.gov/grc/human )
Homo sapiens	12	133275309	34769408	37185252	Reference genome: GRCh38.p12. (https://www.ncbi.nlm.nih.gov/grc/human/data, https://www.ncbi.nlm.nih.gov/grc/human )
Homo sapiens	13	114364328	16000001	18051248	Reference genome: GRCh38.p12. (https://www.ncbi.nlm.nih.gov/grc/human/data, https://www.ncbi.nlm.nih.gov/grc/human )
Homo sapiens	14	107043718	16000001	18173523	Reference genome: GRCh38.p12. (https://www.ncbi.nlm.nih.gov/grc/human/data, https://www.ncbi.nlm.nih.gov/grc/human )
Homo sapiens	15	101991189	17000001	19725254	Reference genome: GRCh38.p12. (https://www.ncbi.nlm.nih.gov/grc/human/data, https://www.ncbi.nlm.nih.gov/grc/human )
Homo sapiens	16	90338345	36311159	38280682	Reference genome: GRCh38.p12. (https://www.ncbi.nlm.nih.gov/grc/human/data, https://www.ncbi.nlm.nih.gov/grc/human )
Homo sapiens	17	83257441	22813680	26885980	Reference genome: GRCh38.p12. (https://www.ncbi.nlm.nih.gov/grc/human/data, https://www.ncbi.nlm.nih.gov/grc/human )
Homo sapiens	18	80373285	15460900	20861206	Reference genome: GRCh38.p12. (https://www.ncbi.nlm.nih.gov/grc/human/data, https://www.ncbi.nlm.nih.gov/grc/human )
Homo sapiens	19	58617616	24498981	27190874	Reference genome: GRCh38.p12. (https://www.ncbi.nlm.nih.gov/grc/human/data, https://www.ncbi.nlm.nih.gov/grc/human )
Homo sapiens	20	64444167	26436233	30038348	Reference genome: GRCh38.p12. (https://www.ncbi.nlm.nih.gov/grc/human/data, https://www.ncbi.nlm.nih.gov/grc/human )
Homo sapiens	21	46709983	10864561	12915808	Reference genome: GRCh38.p12. (https://www.ncbi.nlm.nih.gov/grc/human/data, https://www.ncbi.nlm.nih.gov/grc/human )
Homo sapiens	22	50818468	12954789	15054318	Reference genome: GRCh38.p12. (https://www.ncbi.nlm.nih.gov/grc/human/data, https://www.ncbi.nlm.nih.gov/grc/human )
Homo sapiens	X	156040895	58605580	62412542	Reference genome: GRCh38.p12. (https://www.ncbi.nlm.nih.gov/grc/human/data, https://www.ncbi.nlm.nih.gov/grc/human )
Homo sapiens	Y	57227415	10316945	10544039	Reference genome: GRCh38.p12. (https://www.ncbi.nlm.nih.gov/grc/human/data, https://www.ncbi.nlm.nih.gov/grc/human )
Mus musculus	1	195471971	110000	3000000	Reference genome: GRCm38.p6. (Chromosomes & length: https://www.ncbi.nlm.nih.gov/grc/mouse/data, Centromeric region: https://www.ncbi.nlm.nih.gov/grc/tpf/human/chr1, TPF interpretation: https://www.ncbi.nlm.nih.gov/grc/static/grc/etc/TPF_Specification_v1.8_20131106.docx)
Mus musculus	2	182113224	110000	3000000	Reference genome: GRCm38.p6. (Chromosomes & length: https://www.ncbi.nlm.nih.gov/grc/mouse/data, Centromeric region: https://www.ncbi.nlm.nih.gov/grc/tpf/mouse/chr2, TPF interpretation: https://www.ncbi.nlm.nih.gov/grc/static/grc/etc/TPF_Specification_v1.8_20131106.docx)
Mus musculus	3	160039680	110000	3000000	Reference genome: GRCm38.p6. (Chromosomes & length: https://www.ncbi.nlm.nih.gov/grc/mouse/data, Centromeric region: https://www.ncbi.nlm.nih.gov/grc/tpf/mouse/chr3, TPF interpretation: https://www.ncbi.nlm.nih.gov/grc/static/grc/etc/TPF_Specification_v1.8_20131106.docx)
Mus musculus	4	156508116	110001	3000000	Reference genome: GRCm38.p6. (Chromosomes & length: https://www.ncbi.nlm.nih.gov/grc/mouse/data, Centromeric region: https://www.ncbi.nlm.nih.gov/grc/tpf/mouse/chr4, TPF interpretation: https://www.ncbi.nlm.nih.gov/grc/static/grc/etc/TPF_Specification_v1.8_20131106.docx)
Mus musculus	5	151834684	110000	3000000	Reference genome: GRCm38.p6. (Chromosomes & length: https://www.ncbi.nlm.nih.gov/grc/mouse/data, Centromeric region: https://www.ncbi.nlm.nih.gov/grc/tpf/mouse/chr5, TPF interpretation: https://www.ncbi.nlm.nih.gov/grc/static/grc/etc/TPF_Specification_v1.8_20131106.docx)
Mus musculus	6	149736546	110002	3000000	Reference genome: GRCm38.p6. (Chromosomes & length: https://www.ncbi.nlm.nih.gov/grc/mouse/data, Centromeric region: https://www.ncbi.nlm.nih.gov/grc/tpf/mouse/chr6, TPF interpretation: https://www.ncbi.nlm.nih.gov/grc/static/grc/etc/TPF_Specification_v1.8_20131106.docx)
Mus musculus	7	145441459	110000	3000000	Reference genome: GRCm38.p6. (Chromosomes & length: https://www.ncbi.nlm.nih.gov/grc/mouse/data, Centromeric region: https://www.ncbi.nlm.nih.gov/grc/tpf/mouse/chr7, TPF interpretation: https://www.ncbi.nlm.nih.gov/grc/static/grc/etc/TPF_Specification_v1.8_20131106.docx)
Mus musculus	8	129401213	110003	3000000	Reference genome: GRCm38.p6. (Chromosomes & length: https://www.ncbi.nlm.nih.gov/grc/mouse/data, Centromeric region: https://www.ncbi.nlm.nih.gov/grc/tpf/mouse/chr8, TPF interpretation: https://www.ncbi.nlm.nih.gov/grc/static/grc/etc/TPF_Specification_v1.8_20131106.docx)8
Mus musculus	9	124595110	110000	3000000	Reference genome: GRCm38.p6. (Chromosomes & length: https://www.ncbi.nlm.nih.gov/grc/mouse/data, Centromeric region: https://www.ncbi.nlm.nih.gov/grc/tpf/mouse/chr9, TPF interpretation: 9
Mus musculus	10	130694993	110004	3000000	Reference genome: GRCm38.p6. (Chromosomes & length: https://www.ncbi.nlm.nih.gov/grc/mouse/data, Centromeric region: https://www.ncbi.nlm.nih.gov/grc/tpf/mouse/chr10, TPF interpretation: https://www.ncbi.nlm.nih.gov/grc/static/grc/etc/TPF_Specification_v1.8_20131106.docx10
Mus musculus	11	122082543	110000	3000000	Reference genome: GRCm38.p6. (Chromosomes & length: https://www.ncbi.nlm.nih.gov/grc/mouse/data, Centromeric region: https://www.ncbi.nlm.nih.gov/grc/tpf/mouse/chr11, TPF interpretation: https://www.ncbi.nlm.nih.gov/grc/static/grc/etc/TPF_Specification_v1.8_20131106.docx11
Mus musculus	12	120129022	110005	3000000	Reference genome: GRCm38.p6. (Chromosomes & length: https://www.ncbi.nlm.nih.gov/grc/mouse/data, Centromeric region: https://www.ncbi.nlm.nih.gov/grc/tpf/mouse/chr12, TPF interpretation: https://www.ncbi.nlm.nih.gov/grc/static/grc/etc/TPF_Specification_v1.8_20131106.docx12
Mus musculus	13	120421639	110000	3000000	Reference genome: GRCm38.p6. (Chromosomes & length: https://www.ncbi.nlm.nih.gov/grc/mouse/data, Centromeric region: https://www.ncbi.nlm.nih.gov/grc/tpf/mouse/chr13, TPF interpretation: https://www.ncbi.nlm.nih.gov/grc/static/grc/etc/TPF_Specification_v1.8_20131106.docx13
Mus musculus	14	124902244	110006	3000000	Reference genome: GRCm38.p6. (Chromosomes & length: https://www.ncbi.nlm.nih.gov/grc/mouse/data, Centromeric region: https://www.ncbi.nlm.nih.gov/grc/tpf/mouse/chr14, TPF interpretation: https://www.ncbi.nlm.nih.gov/grc/static/grc/etc/TPF_Specification_v1.8_20131106.docx14
Mus musculus	15	104043685	110000	3000000	Reference genome: GRCm38.p6. (Chromosomes & length: https://www.ncbi.nlm.nih.gov/grc/mouse/data, Centromeric region: https://www.ncbi.nlm.nih.gov/grc/tpf/mouse/chr15, TPF interpretation: https://www.ncbi.nlm.nih.gov/grc/static/grc/etc/TPF_Specification_v1.8_20131106.docx15
Mus musculus	16	98207768	110007	3000000	Reference genome: GRCm38.p6. (Chromosomes & length: https://www.ncbi.nlm.nih.gov/grc/mouse/data, Centromeric region: https://www.ncbi.nlm.nih.gov/grc/tpf/mouse/chr16, TPF interpretation: https://www.ncbi.nlm.nih.gov/grc/static/grc/etc/TPF_Specification_v1.8_20131106.docx16
Mus musculus	17	94987271	110000	3000000	Reference genome: GRCm38.p6. (Chromosomes & length: https://www.ncbi.nlm.nih.gov/grc/mouse/data, Centromeric region: https://www.ncbi.nlm.nih.gov/grc/tpf/mouse/chr17, TPF interpretation: https://www.ncbi.nlm.nih.gov/grc/static/grc/etc/TPF_Specification_v1.8_20131106.docx17
Mus musculus	18	90702639	110008	3000000	Reference genome: GRCm38.p6. (Chromosomes & length: https://www.ncbi.nlm.nih.gov/grc/mouse/data, Centromeric region: https://www.ncbi.nlm.nih.gov/grc/tpf/mouse/chr18, TPF interpretation: https://www.ncbi.nlm.nih.gov/grc/static/grc/etc/TPF_Specification_v1.8_20131106.docx18
Mus musculus	19	61431566	110000	3000000	Reference genome: GRCm38.p6. (Chromosomes & length: https://www.ncbi.nlm.nih.gov/grc/mouse/data, Centromeric region: https://www.ncbi.nlm.nih.gov/grc/tpf/mouse/chr19, TPF interpretation: https://www.ncbi.nlm.nih.gov/grc/static/grc/etc/TPF_Specification_v1.8_20131106.docx19
Mus musculus	X	171031299	110009	3000000	Reference genome: GRCm38.p6. (Chromosomes & length: https://www.ncbi.nlm.nih.gov/grc/mouse/data, Centromeric region: https://www.ncbi.nlm.nih.gov/grc/tpf/mouse/chrX, TPF interpretation: https://www.ncbi.nlm.nih.gov/grc/static/grc/etc/TPF_Specification_v1.8_20131106.docx20
Mus musculus	Y	91744698	110000	110001	Reference genome: GRCm38.p6. (Chromosomes & length: https://www.ncbi.nlm.nih.gov/grc/mouse/data, Centromeric region: https://www.ncbi.nlm.nih.gov/grc/tpf/mouse/chrY, TPF interpretation: https://www.ncbi.nlm.nih.gov/grc/static/grc/etc/TPF_Specification_v1.8_20131106.docx21
Gallus gallus	1	1.05E+09	74626886	75126887	Reference genome: Gallus_gallus-5.0(GCA_000002315.4) (Chromosomes & length:  https://www.ncbi.nlm.nih.gov/genome/111, Centromeric regions: https://www.ncbi.nlm.nih.gov/genome/gdv/browser/?context=genome&acc=GCF_000002315.4 ;  https://www.ncbi.nlm.nih.gov/grc/tpf/chicken/chr1?asm-group=ICGC&version=Gallus_gallus-5.0 )
Gallus gallus	2	1.96E+08	52321884	52821885	Reference genome: Gallus_gallus-5.0(GCA_000002315.4) (Chromosomes & length:  https://www.ncbi.nlm.nih.gov/genome/111, Centromeric regions: https://www.ncbi.nlm.nih.gov/genome/gdv/browser/?context=genome&acc=GCF_000002315.4 ;  https://www.ncbi.nlm.nih.gov/grc/tpf/chicken/chr2?asm-group=ICGC&version=Gallus_gallus-5.0 )
Gallus gallus	3	1.50E+08	11717420	12217421	Reference genome: Gallus_gallus-5.0(GCA_000002315.4) (Chromosomes & length:  https://www.ncbi.nlm.nih.gov/genome/111, Centromeric regions: https://www.ncbi.nlm.nih.gov/genome/gdv/browser/?context=genome&acc=GCF_000002315.4 ;  https://www.ncbi.nlm.nih.gov/grc/tpf/chicken/chr3?asm-group=ICGC&version=Gallus_gallus-5.0 )
Gallus gallus	4	1.11E+08	18856549	19356550	Reference genome: Gallus_gallus-5.0(GCA_000002315.4) (Chromosomes & length:  https://www.ncbi.nlm.nih.gov/genome/111, Centromeric regions: https://www.ncbi.nlm.nih.gov/genome/gdv/browser/?context=genome&acc=GCF_000002315.4 ;  https://www.ncbi.nlm.nih.gov/grc/tpf/chicken/chr4?asm-group=ICGC&version=Gallus_gallus-5.0 )
Gallus gallus	5	9.13E+07	5808100	66308101	Reference genome: Gallus_gallus-5.0(GCA_000002315.4) (Chromosomes & length:  https://www.ncbi.nlm.nih.gov/genome/111, Centromeric regions: https://www.ncbi.nlm.nih.gov/genome/gdv/browser/?context=genome&acc=GCF_000002315.4 ;  https://www.ncbi.nlm.nih.gov/grc/tpf/chicken/chr5?asm-group=ICGC&version=Gallus_gallus-5.0 )
Gallus gallus	6	5.98E+07	1	500000	Reference genome: Gallus_gallus-5.0(GCA_000002315.4) (Chromosomes & length:  https://www.ncbi.nlm.nih.gov/genome/111, Centromeric regions: https://www.ncbi.nlm.nih.gov/genome/gdv/browser/?context=genome&acc=GCF_000002315.4 ;  https://www.ncbi.nlm.nih.gov/grc/tpf/chicken/chr6?asm-group=ICGC&version=Gallus_gallus-5.0 )
Gallus gallus	7	3.55E+07	7640970	7840971	Reference genome: Gallus_gallus-5.0(GCA_000002315.4) (Chromosomes & length:  https://www.ncbi.nlm.nih.gov/genome/111, Centromeric regions: https://www.ncbi.nlm.nih.gov/genome/gdv/browser/?context=genome&acc=GCF_000002315.4 ;  https://www.ncbi.nlm.nih.gov/grc/tpf/chicken/chr7?asm-group=ICGC&version=Gallus_gallus-5.0 )
Gallus gallus	8	3.70E+07	10505700	11005701	Reference genome: Gallus_gallus-5.0(GCA_000002315.4) (Chromosomes & length:  https://www.ncbi.nlm.nih.gov/genome/111, Centromeric regions: https://www.ncbi.nlm.nih.gov/genome/gdv/browser/?context=genome&acc=GCF_000002315.4 ;  https://www.ncbi.nlm.nih.gov/grc/tpf/chicken/chr8?asm-group=ICGC&version=Gallus_gallus-5.0 )
Gallus gallus	9	3.00E+07	1	500000	Reference genome: Gallus_gallus-5.0(GCA_000002315.4) (Chromosomes & length:  https://www.ncbi.nlm.nih.gov/genome/111, Centromeric regions: https://www.ncbi.nlm.nih.gov/genome/gdv/browser/?context=genome&acc=GCF_000002315.4 ;  https://www.ncbi.nlm.nih.gov/grc/tpf/chicken/chr9?asm-group=ICGC&version=Gallus_gallus-5.0 )
Gallus gallus	10	2.41E+07	1	500000	Reference genome: Gallus_gallus-5.0(GCA_000002315.4) (Chromosomes & length:  https://www.ncbi.nlm.nih.gov/genome/111, Centromeric regions: https://www.ncbi.nlm.nih.gov/genome/gdv/browser/?context=genome&acc=GCF_000002315.4 ;  https://www.ncbi.nlm.nih.gov/grc/tpf/chicken/chr10?asm-group=ICGC&version=Gallus_gallus-5.0 )
Gallus gallus	11	2.04E+07	2804944	3304945	Reference genome: Gallus_gallus-5.0(GCA_000002315.4) (Chromosomes & length:  https://www.ncbi.nlm.nih.gov/genome/111, Centromeric regions: https://www.ncbi.nlm.nih.gov/genome/gdv/browser/?context=genome&acc=GCF_000002315.4 ;  https://www.ncbi.nlm.nih.gov/grc/tpf/chicken/chr11?asm-group=ICGC&version=Gallus_gallus-5.0 )
Gallus gallus	12	2.02E+07			Reference genome: Gallus_gallus-5.0(GCA_000002315.4) (Chromosomes & length:  https://www.ncbi.nlm.nih.gov/genome/111, Centromeric regions: https://www.ncbi.nlm.nih.gov/genome/gdv/browser/?context=genome&acc=GCF_000002315.4 ;  https://www.ncbi.nlm.nih.gov/grc/tpf/chicken/chr12?asm-group=ICGC&version=Gallus_gallus-5.0 )
Gallus gallus	13	2.00E+07	1	500000	Reference genome: Gallus_gallus-5.0(GCA_000002315.4) (Chromosomes & length:  https://www.ncbi.nlm.nih.gov/genome/111, Centromeric regions: https://www.ncbi.nlm.nih.gov/genome/gdv/browser/?context=genome&acc=GCF_000002315.4 ;  https://www.ncbi.nlm.nih.gov/grc/tpf/chicken/chr13?asm-group=ICGC&version=Gallus_gallus-5.0 )
Gallus gallus	14	1.84E+07	15034742	15534743	Reference genome: Gallus_gallus-5.0(GCA_000002315.4) (Chromosomes & length:  https://www.ncbi.nlm.nih.gov/genome/111, Centromeric regions: https://www.ncbi.nlm.nih.gov/genome/gdv/browser/?context=genome&acc=GCF_000002315.4 ;  https://www.ncbi.nlm.nih.gov/grc/tpf/chicken/chr14?asm-group=ICGC&version=Gallus_gallus-5.0 )
Gallus gallus	15	1.56E+07			Reference genome: Gallus_gallus-5.0(GCA_000002315.4) (Chromosomes & length:  https://www.ncbi.nlm.nih.gov/genome/111, Centromeric regions: https://www.ncbi.nlm.nih.gov/genome/gdv/browser/?context=genome&acc=GCF_000002315.4 ;  https://www.ncbi.nlm.nih.gov/grc/tpf/chicken/chr15?asm-group=ICGC&version=Gallus_gallus-5.0 )
Gallus gallus	16	1.28E+07			Reference genome: Gallus_gallus-5.0(GCA_000002315.4) (Chromosomes & length:  https://www.ncbi.nlm.nih.gov/genome/111, Centromeric regions: https://www.ncbi.nlm.nih.gov/genome/gdv/browser/?context=genome&acc=GCF_000002315.4 ;  https://www.ncbi.nlm.nih.gov/grc/tpf/chicken/chr16?asm-group=ICGC&version=Gallus_gallus-5.0 )
Gallus gallus	17	6.50E+05	1	500000	Reference genome: Gallus_gallus-5.0(GCA_000002315.4) (Chromosomes & length:  https://www.ncbi.nlm.nih.gov/genome/111, Centromeric regions: https://www.ncbi.nlm.nih.gov/genome/gdv/browser/?context=genome&acc=GCF_000002315.4 ;  https://www.ncbi.nlm.nih.gov/grc/tpf/chicken/chr17?asm-group=ICGC&version=Gallus_gallus-5.0 )
Gallus gallus	18	1.10E+07			Reference genome: Gallus_gallus-5.0(GCA_000002315.4) (Chromosomes & length:  https://www.ncbi.nlm.nih.gov/genome/111, Centromeric regions: https://www.ncbi.nlm.nih.gov/genome/gdv/browser/?context=genome&acc=GCF_000002315.4 ;  https://www.ncbi.nlm.nih.gov/grc/tpf/chicken/chr18?asm-group=ICGC&version=Gallus_gallus-5.0 )
Gallus gallus	19	1.11E+07			Reference genome: Gallus_gallus-5.0(GCA_000002315.4) (Chromosomes & length:  https://www.ncbi.nlm.nih.gov/genome/111, Centromeric regions: https://www.ncbi.nlm.nih.gov/genome/gdv/browser/?context=genome&acc=GCF_000002315.4 ;  https://www.ncbi.nlm.nih.gov/grc/tpf/chicken/chr19?asm-group=ICGC&version=Gallus_gallus-5.0 )
Gallus gallus	20	9.98E+06			Reference genome: Gallus_gallus-5.0(GCA_000002315.4) (Chromosomes & length:  https://www.ncbi.nlm.nih.gov/genome/111, Centromeric regions: https://www.ncbi.nlm.nih.gov/genome/gdv/browser/?context=genome&acc=GCF_000002315.4 ;  https://www.ncbi.nlm.nih.gov/grc/tpf/chicken/chr20?asm-group=ICGC&version=Gallus_gallus-5.0 )
Gallus gallus	21	1.41E+07			Reference genome: Gallus_gallus-5.0(GCA_000002315.4) (Chromosomes & length:  https://www.ncbi.nlm.nih.gov/genome/111, Centromeric regions: https://www.ncbi.nlm.nih.gov/genome/gdv/browser/?context=genome&acc=GCF_000002315.4 ;  https://www.ncbi.nlm.nih.gov/grc/tpf/chicken/chr21?asm-group=ICGC&version=Gallus_gallus-5.0 )
Gallus gallus	22	6.86E+06	3007278	3507279	Reference genome: Gallus_gallus-5.0(GCA_000002315.4) (Chromosomes & length:  https://www.ncbi.nlm.nih.gov/genome/111, Centromeric regions: https://www.ncbi.nlm.nih.gov/genome/gdv/browser/?context=genome&acc=GCF_000002315.4 ;  https://www.ncbi.nlm.nih.gov/grc/tpf/chicken/chr22?asm-group=ICGC&version=Gallus_gallus-5.0 )
Gallus gallus	23	4.73E+06			Reference genome: Gallus_gallus-5.0(GCA_000002315.4) (Chromosomes & length:  https://www.ncbi.nlm.nih.gov/genome/111, Centromeric regions: https://www.ncbi.nlm.nih.gov/genome/gdv/browser/?context=genome&acc=GCF_000002315.4 ;  https://www.ncbi.nlm.nih.gov/grc/tpf/chicken/chr23?asm-group=ICGC&version=Gallus_gallus-5.0 )
Gallus gallus	24	5.79E+06			Reference genome: Gallus_gallus-5.0(GCA_000002315.4) (Chromosomes & length:  https://www.ncbi.nlm.nih.gov/genome/111, Centromeric regions: https://www.ncbi.nlm.nih.gov/genome/gdv/browser/?context=genome&acc=GCF_000002315.4 ;  https://www.ncbi.nlm.nih.gov/grc/tpf/chicken/chr24?asm-group=ICGC&version=Gallus_gallus-5.0 )
Gallus gallus	25	6.28E+06	277761	777762	Reference genome: Gallus_gallus-5.0(GCA_000002315.4) (Chromosomes & length:  https://www.ncbi.nlm.nih.gov/genome/111, Centromeric regions: https://www.ncbi.nlm.nih.gov/genome/gdv/browser/?context=genome&acc=GCF_000002315.4 ;  https://www.ncbi.nlm.nih.gov/grc/tpf/chicken/chr25?asm-group=ICGC&version=Gallus_gallus-5.0 )
Gallus gallus	26	2.91E+06			Reference genome: Gallus_gallus-5.0(GCA_000002315.4) (Chromosomes & length:  https://www.ncbi.nlm.nih.gov/genome/111, Centromeric regions: https://www.ncbi.nlm.nih.gov/genome/gdv/browser/?context=genome&acc=GCF_000002315.4 ;  https://www.ncbi.nlm.nih.gov/grc/tpf/chicken/chr26?asm-group=ICGC&version=Gallus_gallus-5.0 )
Gallus gallus	27	5.31E+06			Reference genome: Gallus_gallus-5.0(GCA_000002315.4) (Chromosomes & length:  https://www.ncbi.nlm.nih.gov/genome/111, Centromeric regions: https://www.ncbi.nlm.nih.gov/genome/gdv/browser/?context=genome&acc=GCF_000002315.4 ;  https://www.ncbi.nlm.nih.gov/grc/tpf/chicken/chr27?asm-group=ICGC&version=Gallus_gallus-5.0 )
Gallus gallus	28	5.66E+06			Reference genome: Gallus_gallus-5.0(GCA_000002315.4) (Chromosomes & length:  https://www.ncbi.nlm.nih.gov/genome/111, Centromeric regions: https://www.ncbi.nlm.nih.gov/genome/gdv/browser/?context=genome&acc=GCF_000002315.4 ;  https://www.ncbi.nlm.nih.gov/grc/tpf/chicken/chr28?asm-group=ICGC&version=Gallus_gallus-5.0 )
Gallus gallus	30	4.97E+06			Reference genome: Gallus_gallus-5.0(GCA_000002315.4) (Chromosomes & length:  https://www.ncbi.nlm.nih.gov/genome/111, Centromeric regions: https://www.ncbi.nlm.nih.gov/genome/gdv/browser/?context=genome&acc=GCF_000002315.4 ;  https://www.ncbi.nlm.nih.gov/grc/tpf/chicken/chr30?asm-group=ICGC&version=Gallus_gallus-5.0 )
Gallus gallus	31	2.00E+04			Reference genome: Gallus_gallus-5.0(GCA_000002315.4) (Chromosomes & length:  https://www.ncbi.nlm.nih.gov/genome/111, Centromeric regions: https://www.ncbi.nlm.nih.gov/genome/gdv/browser/?context=genome&acc=GCF_000002315.4 ;  https://www.ncbi.nlm.nih.gov/grc/tpf/chicken/chr31?asm-group=ICGC&version=Gallus_gallus-5.0 )
Gallus gallus	32	5.00E+04			Reference genome: Gallus_gallus-5.0(GCA_000002315.4) (Chromosomes & length:  https://www.ncbi.nlm.nih.gov/genome/111, Centromeric regions: https://www.ncbi.nlm.nih.gov/genome/gdv/browser/?context=genome&acc=GCF_000002315.4 ;  https://www.ncbi.nlm.nih.gov/grc/tpf/chicken/chr32?asm-group=ICGC&version=Gallus_gallus-5.0 )
Gallus gallus	33	8.00E+04			Reference genome: Gallus_gallus-5.0(GCA_000002315.4) (Chromosomes & length:  https://www.ncbi.nlm.nih.gov/genome/111, Centromeric regions: https://www.ncbi.nlm.nih.gov/genome/gdv/browser/?context=genome&acc=GCF_000002315.4 ;  https://www.ncbi.nlm.nih.gov/grc/tpf/chicken/chr33?asm-group=ICGC&version=Gallus_gallus-5.0 )
Gallus gallus	W	1.65E+06			Reference genome: Gallus_gallus-5.0(GCA_000002315.4) (Chromosomes & length:  https://www.ncbi.nlm.nih.gov/genome/111, Centromeric regions: https://www.ncbi.nlm.nih.gov/genome/gdv/browser/?context=genome&acc=GCF_000002315.4 ;  https://www.ncbi.nlm.nih.gov/grc/tpf/chicken/chrW?asm-group=ICGC&version=Gallus_gallus-5.0 )
Gallus gallus	Z	5.16E+06			Reference genome: Gallus_gallus-5.0(GCA_000002315.4) (Chromosomes & length:  https://www.ncbi.nlm.nih.gov/genome/111, Centromeric regions: https://www.ncbi.nlm.nih.gov/genome/gdv/browser/?context=genome&acc=GCF_000002315.4 ;  https://www.ncbi.nlm.nih.gov/grc/tpf/chicken/chrZ?asm-group=ICGC&version=Gallus_gallus-5.0 )
Arabidopsis thaliana	1	3.50E+07	14511722	14803970	Reference genome: TAIR9 (https://www.arabidopsis.org/portals/genAnnotation/gene_structural_annotation/agicomplete.jsp ftp://ftp.arabidopsis.org/home/tair/home/tair/Sequences/whole_chromosomes/tair9_Assembly_gaps.gff) 
Arabidopsis thaliana	2	2.20E+07	3611839	3633423	Reference genome: TAIR9 (https://www.arabidopsis.org/portals/genAnnotation/gene_structural_annotation/agicomplete.jsp ftp://ftp.arabidopsis.org/home/tair/home/tair/Sequences/whole_chromosomes/tair9_Assembly_gaps.gff) 
Arabidopsis thaliana	3	2.55E+07	13589757	13867121	Reference genome: TAIR9 (https://www.arabidopsis.org/portals/genAnnotation/gene_structural_annotation/agicomplete.jsp ftp://ftp.arabidopsis.org/home/tair/home/tair/Sequences/whole_chromosomes/tair9_Assembly_gaps.gff) 
Arabidopsis thaliana	4	2.09E+07	3133664	3133674	Reference genome: TAIR9 (https://www.arabidopsis.org/portals/genAnnotation/gene_structural_annotation/agicomplete.jsp ftp://ftp.arabidopsis.org/home/tair/home/tair/Sequences/whole_chromosomes/tair9_Assembly_gaps.gff) 
Arabidopsis thaliana	5	31270811	11194538	11723210	Reference genome: TAIR9 (https://www.arabidopsis.org/portals/genAnnotation/gene_structural_annotation/agicomplete.jsp ftp://ftp.arabidopsis.org/home/tair/home/tair/Sequences/whole_chromosomes/tair9_Assembly_gaps.gff) 
Schizosaccharomyces pombe	I	5.58E+06	3753687	3789421	Reference assembly: GCA_000002945.2 ASM294v2 (S. pombe european Sequencing Consortium) (Chromosomes & length: https://www.ncbi.nlm.nih.gov/genome/14?genome_assembly_id=22534, Centromeric regions: https://www.pombase.org/status/centromeres)
Schizosaccharomyces pombe	II	4.54E+06	1602264	1644747	Reference assembly: GCA_000002945.2 ASM294v2 (S. pombe european Sequencing Consortium) (Chromosomes & length: https://www.ncbi.nlm.nih.gov/genome/14?genome_assembly_id=22534, Centromeric regions: https://www.pombase.org/status/centromeres)
Schizosaccharomyces pombe	III	2.45E+06	1070904	1137003	Reference assembly: GCA_000002945.2 ASM294v2 (S. pombe european Sequencing Consortium) (Chromosomes & length: https://www.ncbi.nlm.nih.gov/genome/14?genome_assembly_id=22534, Centromeric regions: https://www.pombase.org/status/centromeres)
Saccharomyces cerevisae	I	230218	151465	151582	Reference: Saccharomyces Genome Database, strain S288C data. (date: Jan 1st, 2018) (Chromosome lengths: https://www.yeastgenome.org/genomesnapshot, Centromeres: https://www.yeastgenome.org/search?q=CEN&category=locus)
Saccharomyces cerevisae	II	813184	238207	238323	Reference: Saccharomyces Genome Database, strain S288C data. (date: Jan 1st, 2018) (Chromosome lengths: https://www.yeastgenome.org/genomesnapshot, Centromeres: https://www.yeastgenome.org/search?q=CEN&category=locus)
Saccharomyces cerevisae	III	316620	114385	114501	Reference: Saccharomyces Genome Database, strain S288C data. (date: Jan 1st, 2018) (Chromosome lengths: https://www.yeastgenome.org/genomesnapshot, Centromeres: https://www.yeastgenome.org/search?q=CEN&category=locus)
Saccharomyces cerevisae	IV	1531933	449711	449821	Reference: Saccharomyces Genome Database, strain S288C data. (date: Jan 1st, 2018) (Chromosome lengths: https://www.yeastgenome.org/genomesnapshot, Centromeres: https://www.yeastgenome.org/search?q=CEN&category=locus)
Saccharomyces cerevisae	V	576874	151987	152104	Reference: Saccharomyces Genome Database, strain S288C data. (date: Jan 1st, 2018) (Chromosome lengths: https://www.yeastgenome.org/genomesnapshot, Centromeres: https://www.yeastgenome.org/search?q=CEN&category=locus)
Saccharomyces cerevisae	VI	270161	148510	148627	Reference: Saccharomyces Genome Database, strain S288C data. (date: Jan 1st, 2018) (Chromosome lengths: https://www.yeastgenome.org/genomesnapshot, Centromeres: https://www.yeastgenome.org/search?q=CEN&category=locus)
Saccharomyces cerevisae	VII	1090940	496920	497038	Reference: Saccharomyces Genome Database, strain S288C data. (date: Jan 1st, 2018) (Chromosome lengths: https://www.yeastgenome.org/genomesnapshot, Centromeres: https://www.yeastgenome.org/search?q=CEN&category=locus)
Saccharomyces cerevisae	VIII	562643	105586	105703	Reference: Saccharomyces Genome Database, strain S288C data. (date: Jan 1st, 2018) (Chromosome lengths: https://www.yeastgenome.org/genomesnapshot, Centromeres: https://www.yeastgenome.org/search?q=CEN&category=locus)
Saccharomyces cerevisae	IX	439888	355629	355745	Reference: Saccharomyces Genome Database, strain S288C data. (date: Jan 1st, 2018) (Chromosome lengths: https://www.yeastgenome.org/genomesnapshot, Centromeres: https://www.yeastgenome.org/search?q=CEN&category=locus)
Saccharomyces cerevisae	X	745751	436307	436425	Reference: Saccharomyces Genome Database, strain S288C data. (date: Jan 1st, 2018) (Chromosome lengths: https://www.yeastgenome.org/genomesnapshot, Centromeres: https://www.yeastgenome.org/search?q=CEN&category=locus)
Saccharomyces cerevisae	XI	666816	440129	440246	Reference: Saccharomyces Genome Database, strain S288C data. (date: Jan 1st, 2018) (Chromosome lengths: https://www.yeastgenome.org/genomesnapshot, Centromeres: https://www.yeastgenome.org/search?q=CEN&category=locus)
Saccharomyces cerevisae	XII	1078177	150828	150947	Reference: Saccharomyces Genome Database, strain S288C data. (date: Jan 1st, 2018) (Chromosome lengths: https://www.yeastgenome.org/genomesnapshot, Centromeres: https://www.yeastgenome.org/search?q=CEN&category=locus)
Saccharomyces cerevisae	XIII	924431	268031	268149	Reference: Saccharomyces Genome Database, strain S288C data. (date: Jan 1st, 2018) (Chromosome lengths: https://www.yeastgenome.org/genomesnapshot, Centromeres: https://www.yeastgenome.org/search?q=CEN&category=locus)
Saccharomyces cerevisae	XIV	784333	628758	628875	Reference: Saccharomyces Genome Database, strain S288C data. (date: Jan 1st, 2018) (Chromosome lengths: https://www.yeastgenome.org/genomesnapshot, Centromeres: https://www.yeastgenome.org/search?q=CEN&category=locus)
Saccharomyces cerevisae	XV	1091291	326584	326702	Reference: Saccharomyces Genome Database, strain S288C data. (date: Jan 1st, 2018) (Chromosome lengths: https://www.yeastgenome.org/genomesnapshot, Centromeres: https://www.yeastgenome.org/search?q=CEN&category=locus)
Saccharomyces cerevisae	XVI	948066	555957	556073	Reference: Saccharomyces Genome Database, strain S288C data. (date: Jan 1st, 2018) (Chromosome lengths: https://www.yeastgenome.org/genomesnapshot, Centromeres: https://www.yeastgenome.org/search?q=CEN&category=locus)
Rattus norvergicus	1	282763074	39991314	40050532	Reference assembly: Rnor_6.0 (GCF_000001895.5) Jan 6th, 2018 (Chromosome length and centromeres: https://www.ncbi.nlm.nih.gov/genome/gdv/browser/?context=genome&acc=GCF_000001895.5 ;     Kim C. Worley, Preethi Gunaratne Rat genome (Rattus norvergicus). Wiley reviews in Cell Biology and Molecular Medicine, DOI: 10.1002/3527600906.mcb.200500054 (2016) )
Rattus norvergicus	2	266435125			Reference assembly: Rnor_6.0 (GCF_000001895.5) Jan 6th, 2018 (Chromosome length and centromeres: https://www.ncbi.nlm.nih.gov/genome/gdv/browser/?context=genome&acc=GCF_000001895.5 ;     Kim C. Worley, Preethi Gunaratne Rat genome (Rattus norvergicus). Wiley reviews in Cell Biology and Molecular Medicine, DOI: 10.1002/3527600906.mcb.200500054 (2016) )
Rattus norvergicus	3	177699992	17032943	17044555	Reference assembly: Rnor_6.0 (GCF_000001895.5) Jan 6th, 2018 (Chromosome length and centromeres: https://www.ncbi.nlm.nih.gov/genome/gdv/browser/?context=genome&acc=GCF_000001895.5 ;     Kim C. Worley, Preethi Gunaratne Rat genome (Rattus norvergicus). Wiley reviews in Cell Biology and Molecular Medicine, DOI: 10.1002/3527600906.mcb.200500054 (2016) )
Rattus norvergicus	4	184226339			Reference assembly: Rnor_6.0 (GCF_000001895.5) Jan 6th, 2018 (Chromosome length and centromeres: https://www.ncbi.nlm.nih.gov/genome/gdv/browser/?context=genome&acc=GCF_000001895.5 ;     Kim C. Worley, Preethi Gunaratne Rat genome (Rattus norvergicus). Wiley reviews in Cell Biology and Molecular Medicine, DOI: 10.1002/3527600906.mcb.200500054 (2016) )
Rattus norvergicus	5	173707219			Reference assembly: Rnor_6.0 (GCF_000001895.5) Jan 6th, 2018 (Chromosome length and centromeres: https://www.ncbi.nlm.nih.gov/genome/gdv/browser/?context=genome&acc=GCF_000001895.5 ;     Kim C. Worley, Preethi Gunaratne Rat genome (Rattus norvergicus). Wiley reviews in Cell Biology and Molecular Medicine, DOI: 10.1002/3527600906.mcb.200500054 (2016) )
Rattus norvergicus	6	147991367			Reference assembly: Rnor_6.0 (GCF_000001895.5) Jan 6th, 2018 (Chromosome length and centromeres: https://www.ncbi.nlm.nih.gov/genome/gdv/browser/?context=genome&acc=GCF_000001895.5 ;     Kim C. Worley, Preethi Gunaratne Rat genome (Rattus norvergicus). Wiley reviews in Cell Biology and Molecular Medicine, DOI: 10.1002/3527600906.mcb.200500054 (2016) )
Rattus norvergicus	7	145729302			Reference assembly: Rnor_6.0 (GCF_000001895.5) Jan 6th, 2018 (Chromosome length and centromeres: https://www.ncbi.nlm.nih.gov/genome/gdv/browser/?context=genome&acc=GCF_000001895.5 ;     Kim C. Worley, Preethi Gunaratne Rat genome (Rattus norvergicus). Wiley reviews in Cell Biology and Molecular Medicine, DOI: 10.1002/3527600906.mcb.200500054 (2016) )
Rattus norvergicus	8	133307652			Reference assembly: Rnor_6.0 (GCF_000001895.5) Jan 6th, 2018 (Chromosome length and centromeres: https://www.ncbi.nlm.nih.gov/genome/gdv/browser/?context=genome&acc=GCF_000001895.5 ;     Kim C. Worley, Preethi Gunaratne Rat genome (Rattus norvergicus). Wiley reviews in Cell Biology and Molecular Medicine, DOI: 10.1002/3527600906.mcb.200500054 (2016) )
Rattus norvergicus	9	122095297			Reference assembly: Rnor_6.0 (GCF_000001895.5) Jan 6th, 2018 (Chromosome length and centromeres: https://www.ncbi.nlm.nih.gov/genome/gdv/browser/?context=genome&acc=GCF_000001895.5 ;     Kim C. Worley, Preethi Gunaratne Rat genome (Rattus norvergicus). Wiley reviews in Cell Biology and Molecular Medicine, DOI: 10.1002/3527600906.mcb.200500054 (2016) )
Rattus norvergicus	10	112626471			Reference assembly: Rnor_6.0 (GCF_000001895.5) Jan 6th, 2018 (Chromosome length and centromeres: https://www.ncbi.nlm.nih.gov/genome/gdv/browser/?context=genome&acc=GCF_000001895.5 ;     Kim C. Worley, Preethi Gunaratne Rat genome (Rattus norvergicus). Wiley reviews in Cell Biology and Molecular Medicine, DOI: 10.1002/3527600906.mcb.200500054 (2016) )
Rattus norvergicus	11	90463843	15514784	15517886	Reference assembly: Rnor_6.0 (GCF_000001895.5) Jan 6th, 2018 (Chromosome length and centromeres: https://www.ncbi.nlm.nih.gov/genome/gdv/browser/?context=genome&acc=GCF_000001895.5 ;     Kim C. Worley, Preethi Gunaratne Rat genome (Rattus norvergicus). Wiley reviews in Cell Biology and Molecular Medicine, DOI: 10.1002/3527600906.mcb.200500054 (2016) )
Rattus norvergicus	12	52176770	14170510	14170548	Reference assembly: Rnor_6.0 (GCF_000001895.5) Jan 6th, 2018 (Chromosome length and centromeres: https://www.ncbi.nlm.nih.gov/genome/gdv/browser/?context=genome&acc=GCF_000001895.5 ;     Kim C. Worley, Preethi Gunaratne Rat genome (Rattus norvergicus). Wiley reviews in Cell Biology and Molecular Medicine, DOI: 10.1002/3527600906.mcb.200500054 (2016) )
Rattus norvergicus	13	114033958	31029955	31033917	Reference assembly: Rnor_6.0 (GCF_000001895.5) Jan 6th, 2018 (Chromosome length and centromeres: https://www.ncbi.nlm.nih.gov/genome/gdv/browser/?context=genome&acc=GCF_000001895.5 ;     Kim C. Worley, Preethi Gunaratne Rat genome (Rattus norvergicus). Wiley reviews in Cell Biology and Molecular Medicine, DOI: 10.1002/3527600906.mcb.200500054 (2016) )
Rattus norvergicus	14	115493446	50714288	50725469	Reference assembly: Rnor_6.0 (GCF_000001895.5) Jan 6th, 2018 (Chromosome length and centromeres: https://www.ncbi.nlm.nih.gov/genome/gdv/browser/?context=genome&acc=GCF_000001895.5 ;     Kim C. Worley, Preethi Gunaratne Rat genome (Rattus norvergicus). Wiley reviews in Cell Biology and Molecular Medicine, DOI: 10.1002/3527600906.mcb.200500054 (2016) )
Rattus norvergicus	15	111246239	54976623	54980339	Reference assembly: Rnor_6.0 (GCF_000001895.5) Jan 6th, 2018 (Chromosome length and centromeres: https://www.ncbi.nlm.nih.gov/genome/gdv/browser/?context=genome&acc=GCF_000001895.5 ;     Kim C. Worley, Preethi Gunaratne Rat genome (Rattus norvergicus). Wiley reviews in Cell Biology and Molecular Medicine, DOI: 10.1002/3527600906.mcb.200500054 (2016) )
Rattus norvergicus	16	90668790	42586700	42595310	Reference assembly: Rnor_6.0 (GCF_000001895.5) Jan 6th, 2018 (Chromosome length and centromeres: https://www.ncbi.nlm.nih.gov/genome/gdv/browser/?context=genome&acc=GCF_000001895.5 ;     Kim C. Worley, Preethi Gunaratne Rat genome (Rattus norvergicus). Wiley reviews in Cell Biology and Molecular Medicine, DOI: 10.1002/3527600906.mcb.200500054 (2016) )
Rattus norvergicus	17	90843779	45495902	45500990	Reference assembly: Rnor_6.0 (GCF_000001895.5) Jan 6th, 2018 (Chromosome length and centromeres: https://www.ncbi.nlm.nih.gov/genome/gdv/browser/?context=genome&acc=GCF_000001895.5 ;     Kim C. Worley, Preethi Gunaratne Rat genome (Rattus norvergicus). Wiley reviews in Cell Biology and Molecular Medicine, DOI: 10.1002/3527600906.mcb.200500054 (2016) )
Rattus norvergicus	18	88201929	38463082	38463082	Reference assembly: Rnor_6.0 (GCF_000001895.5) Jan 6th, 2018 (Chromosome length and centromeres: https://www.ncbi.nlm.nih.gov/genome/gdv/browser/?context=genome&acc=GCF_000001895.5 ;     Kim C. Worley, Preethi Gunaratne Rat genome (Rattus norvergicus). Wiley reviews in Cell Biology and Molecular Medicine, DOI: 10.1002/3527600906.mcb.200500054 (2016) )
Rattus norvergicus	19	62275575	23847679	23855073	Reference assembly: Rnor_6.0 (GCF_000001895.5) Jan 6th, 2018 (Chromosome length and centromeres: https://www.ncbi.nlm.nih.gov/genome/gdv/browser/?context=genome&acc=GCF_000001895.5 ;     Kim C. Worley, Preethi Gunaratne Rat genome (Rattus norvergicus). Wiley reviews in Cell Biology and Molecular Medicine, DOI: 10.1002/3527600906.mcb.200500054 (2016) )
Rattus norvergicus	20	56205956	26429201	26436627	Reference assembly: Rnor_6.0 (GCF_000001895.5) Jan 6th, 2018 (Chromosome length and centromeres: https://www.ncbi.nlm.nih.gov/genome/gdv/browser/?context=genome&acc=GCF_000001895.5 ;     Kim C. Worley, Preethi Gunaratne Rat genome (Rattus norvergicus). Wiley reviews in Cell Biology and Molecular Medicine, DOI: 10.1002/3527600906.mcb.200500054 (2016) )
Rattus norvergicus	X	159970021			Reference assembly: Rnor_6.0 (GCF_000001895.5) Jan 6th, 2018 (Chromosome length and centromeres: https://www.ncbi.nlm.nih.gov/genome/gdv/browser/?context=genome&acc=GCF_000001895.5 ;     Kim C. Worley, Preethi Gunaratne Rat genome (Rattus norvergicus). Wiley reviews in Cell Biology and Molecular Medicine, DOI: 10.1002/3527600906.mcb.200500054 (2016) )
Rattus norvergicus	Y	3310458			Reference assembly: Rnor_6.0 (GCF_000001895.5) Jan 6th, 2018 (Chromosome length and centromeres: https://www.ncbi.nlm.nih.gov/genome/gdv/browser/?context=genome&acc=GCF_000001895.5 ;     Kim C. Worley, Preethi Gunaratne Rat genome (Rattus norvergicus). Wiley reviews in Cell Biology and Molecular Medicine, DOI: 10.1002/3527600906.mcb.200500054 (2016) )
Drosophila melanogaster	X	2.35E+07			Flybase.org: dm6 (https://www.biostars.org/p/136057/ (Not found))
Drosophila melanogaster	2L	2.35E+07			Flybase.org: dm6 (https://www.biostars.org/p/136057/ (Not found))
Drosophila melanogaster	2R	2.53E+07			Flybase.org: dm6 (https://www.biostars.org/p/136057/ (Not found))
Drosophila melanogaster	3L	2.81E+07			Flybase.org: dm6 (https://www.biostars.org/p/136057/ (Not found))
Drosophila melanogaster	4	1.35E+06			Flybase.org: dm6 (https://www.biostars.org/p/136057/ (Not found))
Drosophila melanogaster	3R	3.21E+07			Flybase.org: dm6 (https://www.biostars.org/p/136057/ (Not found))
Drosophila melanogaster	Y	3.67E+06			Flybase.org: dm6 (https://www.biostars.org/p/136057/ (Not found))
